timestamp,emg_voltage,muscle_state
0.0,0.19,rest
0.01,0.19,rest
0.02,0.19,rest
0.03,0.19,rest
0.04,0.19,rest
0.05,0.18,rest
0.06,0.18,rest
0.07,0.19,rest
0.08,0.18,rest
0.09,0.19,rest
0.1,0.19,rest
0.11,0.19,rest
0.12,0.19,rest
0.13,0.19,rest
0.14,0.18,rest
0.15,0.19,rest
0.16,0.19,rest
0.17,0.18,rest
0.18,0.19,rest
0.19,0.18,rest
0.2,0.18,rest
0.21,0.19,rest
0.22,0.18,rest
0.23,0.19,rest
0.24,0.19,rest
0.25,0.18,rest
0.26,0.18,rest
0.27,0.18,rest
0.28,0.19,rest
0.29,0.19,rest
0.3,0.18,rest
0.31,0.19,rest
0.32,0.19,rest
0.33,0.18,rest
0.34,0.18,rest
0.35,0.19,rest
0.36,0.19,rest
0.37,0.19,rest
0.38,0.18,rest
0.39,0.19,rest
0.4,0.19,rest
0.41,0.19,rest
0.42,0.19,rest
0.43,0.19,rest
0.44,0.18,rest
0.45,0.19,rest
0.46,0.18,rest
0.47,0.19,rest
0.48,0.18,rest
0.49,0.19,rest
0.5,0.19,rest
0.51,0.18,rest
0.52,0.18,rest
0.53,0.18,rest
0.54,0.18,rest
0.55,0.19,rest
0.56,0.19,rest
0.57,0.19,rest
0.58,0.19,rest
0.59,0.18,rest
0.6,0.18,rest
0.61,0.19,rest
0.62,0.19,rest
0.63,0.18,rest
0.64,0.18,rest
0.65,0.18,rest
0.66,0.19,rest
0.67,0.18,rest
0.68,0.18,rest
0.69,0.19,rest
0.7,0.18,rest
0.71,0.19,rest
0.72,0.19,rest
0.73,0.18,rest
0.74,0.18,rest
0.75,0.18,rest
0.76,0.18,rest
0.77,0.19,rest
0.78,0.18,rest
0.79,0.18,rest
0.8,0.19,rest
0.81,0.19,rest
0.82,0.19,rest
0.83,0.19,rest
0.84,0.19,rest
0.85,0.19,rest
0.86,0.19,rest
0.87,0.19,rest
0.88,0.19,rest
0.89,0.19,rest
0.9,0.19,rest
0.91,0.19,rest
0.92,0.19,rest
0.93,0.19,rest
0.94,0.19,rest
0.95,0.19,rest
0.96,0.19,rest
0.97,0.2,rest
0.98,0.19,rest
0.99,0.19,rest
1.0,0.19,rest
1.01,0.19,rest
1.02,0.2,rest
1.03,0.19,rest
1.04,0.19,rest
1.05,0.19,rest
1.06,0.19,rest
1.07,0.19,rest
1.08,0.19,rest
1.09,0.19,rest
1.1,0.19,rest
1.11,0.19,rest
1.12,0.19,rest
1.13,0.19,rest
1.14,0.19,rest
1.15,0.19,rest
1.16,0.19,rest
1.17,0.19,rest
1.18,0.19,rest
1.19,0.19,rest
1.2,0.19,rest
1.21,0.19,rest
1.22,0.19,rest
1.23,0.19,rest
1.24,0.19,rest
1.25,0.19,rest
1.26,0.18,rest
1.27,0.19,rest
1.28,0.18,rest
1.29,0.19,rest
1.3,0.18,rest
1.31,0.18,rest
1.32,0.19,rest
1.33,0.19,rest
1.34,0.19,rest
1.35,0.18,rest
1.36,0.19,rest
1.37,0.18,rest
1.38,0.18,rest
1.39,0.19,rest
1.4,0.19,rest
1.41,0.19,rest
1.42,0.19,rest
1.43,0.19,rest
1.44,0.19,rest
1.45,0.19,rest
1.46,0.19,rest
1.47,0.19,rest
1.48,0.19,rest
1.49,0.19,rest
1.5,0.19,rest
1.51,0.19,rest
1.52,0.19,rest
1.53,0.19,rest
1.54,0.19,rest
1.55,0.19,rest
1.56,0.19,rest
1.57,0.19,rest
1.58,0.19,rest
1.59,0.19,rest
1.6,0.19,rest
1.61,0.19,rest
1.62,0.19,rest
1.63,0.19,rest
1.64,0.19,rest
1.65,0.19,rest
1.66,0.19,rest
1.67,0.19,rest
1.68,0.19,rest
1.69,0.19,rest
1.7,0.19,rest
1.71,0.19,rest
1.72,0.19,rest
1.73,0.19,rest
1.74,0.19,rest
1.75,0.19,rest
1.76,0.19,rest
1.77,0.19,rest
1.78,0.19,rest
1.79,0.19,rest
1.8,0.19,rest
1.81,0.19,rest
1.82,0.19,rest
1.83,0.19,rest
1.84,0.19,rest
1.85,0.19,rest
1.86,0.19,rest
1.87,0.19,rest
1.88,0.19,rest
1.89,0.19,rest
1.9,0.19,rest
1.91,0.19,rest
1.92,0.19,rest
1.93,0.19,rest
1.94,0.19,rest
1.95,0.19,rest
1.96,0.19,rest
1.97,0.19,rest
1.98,0.19,rest
1.99,0.19,rest
2.0,0.19,rest
2.01,0.19,rest
2.02,0.19,rest
2.03,0.19,rest
2.04,0.19,rest
2.05,0.19,rest
2.06,0.19,rest
2.07,0.18,rest
2.08,0.19,rest
2.09,0.19,rest
2.1,0.19,rest
2.11,0.19,rest
2.12,0.19,rest
2.13,0.19,rest
2.14,0.19,rest
2.15,0.19,rest
2.16,0.19,rest
2.17,0.19,rest
2.18,0.19,rest
2.19,0.19,rest
2.2,0.19,rest
2.21,0.19,rest
2.22,0.18,rest
2.23,0.19,rest
2.24,0.19,rest
2.25,0.19,rest
2.26,0.19,rest
2.27,0.19,rest
2.28,0.19,rest
2.29,0.19,rest
2.3,0.19,rest
2.31,0.19,rest
2.32,0.19,rest
2.33,0.19,rest
2.34,0.19,rest
2.35,0.19,rest
2.36,0.19,rest
2.37,0.19,rest
2.38,0.19,rest
2.39,0.19,rest
2.4,0.19,rest
2.41,0.19,rest
2.42,0.19,rest
2.43,0.19,rest
2.44,0.19,rest
2.45,0.19,rest
2.46,0.19,rest
2.47,0.19,rest
2.48,0.19,rest
2.49,0.19,rest
2.5,0.19,rest
2.51,0.19,rest
2.52,0.19,rest
2.53,0.19,rest
2.54,0.19,rest
2.55,0.19,rest
2.56,0.19,rest
2.57,0.19,rest
2.58,0.19,rest
2.59,0.19,rest
2.6,0.19,rest
2.61,0.19,rest
2.62,0.19,rest
2.63,0.19,rest
2.64,0.19,rest
2.65,0.2,rest
2.66,0.19,rest
2.67,0.2,rest
2.68,0.19,rest
2.69,0.19,rest
2.7,0.19,rest
2.71,0.19,rest
2.72,0.19,rest
2.73,0.19,rest
2.74,0.19,rest
2.75,0.19,rest
2.76,0.19,rest
2.77,0.19,rest
2.78,0.19,rest
2.79,0.19,rest
2.8,0.19,rest
2.81,0.2,rest
2.82,0.19,rest
2.83,0.19,rest
2.84,0.19,rest
2.85,0.19,rest
2.86,0.19,rest
2.87,0.19,rest
2.88,0.19,rest
2.89,0.19,rest
2.9,0.19,rest
2.91,0.19,rest
2.92,0.19,rest
2.93,0.19,rest
2.94,0.19,rest
2.95,0.19,rest
2.96,0.19,rest
2.97,0.19,rest
2.98,0.19,rest
2.99,0.19,rest
3.0,0.19,rest
3.01,0.19,rest
3.02,0.19,rest
3.03,0.2,rest
3.04,0.2,rest
3.05,0.19,rest
3.06,0.19,rest
3.07,0.2,rest
3.08,0.2,rest
3.09,0.19,rest
3.1,0.19,rest
3.11,0.2,rest
3.12,0.2,rest
3.13,0.2,rest
3.14,0.2,rest
3.15,0.19,rest
3.16,0.2,rest
3.17,0.2,rest
3.18,0.2,rest
3.19,0.2,rest
3.2,0.2,rest
3.21,0.2,rest
3.22,0.2,rest
3.23,0.2,rest
3.24,0.2,rest
3.25,0.2,rest
3.26,0.2,rest
3.27,0.2,rest
3.28,0.2,rest
3.29,0.2,rest
3.3,0.2,rest
3.31,0.2,rest
3.32,0.2,rest
3.33,0.2,rest
3.34,0.2,rest
3.35,0.21,rest
3.36,0.21,rest
3.37,0.21,rest
3.38,0.21,rest
3.39,0.22,rest
3.4,0.22,rest
3.41,0.22,rest
3.42,0.22,rest
3.43,0.23,rest
3.44,0.23,rest
3.45,0.23,rest
3.46,0.23,rest
3.47,0.23,rest
3.48,0.23,rest
3.49,0.23,rest
3.5,0.24,rest
3.51,0.24,rest
3.52,0.24,rest
3.53,0.24,rest
3.54,0.24,rest
3.55,0.24,rest
3.56,0.24,rest
3.57,0.24,rest
3.58,0.24,rest
3.59,0.24,rest
3.6,0.25,rest
3.61,0.25,rest
3.62,0.25,rest
3.63,0.25,rest
3.64,0.25,rest
3.65,0.25,rest
3.66,0.25,rest
3.67,0.25,rest
3.68,0.25,rest
3.69,0.25,rest
3.7,0.25,rest
3.71,0.26,rest
3.72,0.26,rest
3.73,0.26,rest
3.74,0.26,rest
3.75,0.27,rest
3.76,0.27,rest
3.77,0.26,rest
3.78,0.26,rest
3.79,0.27,rest
3.8,0.26,rest
3.81,0.27,rest
3.82,0.27,rest
3.83,0.27,rest
3.84,0.27,rest
3.85,0.27,rest
3.86,0.28,rest
3.87,0.28,rest
3.88,0.28,rest
3.89,0.28,rest
3.9,0.28,rest
3.91,0.28,rest
3.92,0.28,rest
3.93,0.28,rest
3.94,0.28,rest
3.95,0.28,rest
3.96,0.28,rest
3.97,0.28,rest
3.98,0.28,rest
3.99,0.28,rest
4.0,0.27,rest
4.01,0.27,rest
4.02,0.27,rest
4.03,0.26,rest
4.04,0.26,rest
4.05,0.26,rest
4.06,0.25,rest
4.07,0.25,rest
4.08,0.25,rest
4.09,0.25,rest
4.1,0.25,rest
4.11,0.25,rest
4.12,0.25,rest
4.13,0.25,rest
4.14,0.25,rest
4.15,0.25,rest
4.16,0.25,rest
4.17,0.25,rest
4.18,0.25,rest
4.19,0.24,rest
4.2,0.24,rest
4.21,0.24,rest
4.22,0.24,rest
4.23,0.25,rest
4.24,0.25,rest
4.25,0.25,rest
4.26,0.26,rest
4.27,0.26,rest
4.28,0.26,rest
4.29,0.26,rest
4.3,0.25,rest
4.31,0.25,rest
4.32,0.26,rest
4.33,0.26,rest
4.34,0.26,rest
4.35,0.26,rest
4.36,0.26,rest
4.37,0.26,rest
4.38,0.26,rest
4.39,0.26,rest
4.4,0.26,rest
4.41,0.26,rest
4.42,0.26,rest
4.43,0.26,rest
4.44,0.26,rest
4.45,0.26,rest
4.46,0.26,rest
4.47,0.25,rest
4.48,0.25,rest
4.49,0.25,rest
4.5,0.25,rest
4.51,0.25,rest
4.52,0.26,rest
4.53,0.26,rest
4.54,0.27,rest
4.55,0.27,rest
4.56,0.27,rest
4.57,0.27,rest
4.58,0.26,rest
4.59,0.26,rest
4.6,0.26,rest
4.61,0.26,rest
4.62,0.25,rest
4.63,0.25,rest
4.64,0.25,rest
4.65,0.25,rest
4.66,0.26,rest
4.67,0.26,rest
4.68,0.26,rest
4.69,0.26,rest
4.7,0.25,rest
4.71,0.25,rest
4.72,0.25,rest
4.73,0.25,rest
4.74,0.25,rest
4.75,0.26,rest
4.76,0.26,rest
4.77,0.26,rest
4.78,0.26,rest
4.79,0.26,rest
4.8,0.26,rest
4.81,0.26,rest
4.82,0.25,rest
4.83,0.25,rest
4.84,0.25,rest
4.85,0.25,rest
4.86,0.24,rest
4.87,0.24,rest
4.88,0.24,rest
4.89,0.24,rest
4.9,0.24,rest
4.91,0.24,rest
4.92,0.24,rest
4.93,0.24,rest
4.94,0.24,rest
4.95,0.24,rest
4.96,0.24,rest
4.97,0.24,rest
4.98,0.24,rest
4.99,0.24,rest
5.0,0.24,rest
5.01,0.24,rest
5.02,0.24,rest
5.03,0.24,rest
5.04,0.24,rest
5.05,0.24,rest
5.06,0.24,rest
5.07,0.24,rest
5.08,0.24,rest
5.09,0.24,rest
5.1,0.24,rest
5.11,0.23,rest
5.12,0.23,rest
5.13,0.24,rest
5.14,0.23,rest
5.15,0.23,rest
5.16,0.23,rest
5.17,0.23,rest
5.18,0.23,rest
5.19,0.23,rest
5.2,0.23,rest
5.21,0.24,rest
5.22,0.24,rest
5.23,0.24,rest
5.24,0.24,rest
5.25,0.25,rest
5.26,0.25,rest
5.27,0.25,rest
5.28,0.25,rest
5.29,0.25,rest
5.3,0.25,rest
5.31,0.25,rest
5.32,0.24,rest
5.33,0.24,rest
5.34,0.24,rest
5.35,0.25,rest
5.36,0.25,rest
5.37,0.25,rest
5.38,0.25,rest
5.39,0.25,rest
5.4,0.24,rest
5.41,0.24,rest
5.42,0.23,rest
5.43,0.23,rest
5.44,0.23,rest
5.45,0.23,rest
5.46,0.23,rest
5.47,0.23,rest
5.48,0.23,rest
5.49,0.23,rest
5.5,0.23,rest
5.51,0.23,rest
5.52,0.23,rest
5.53,0.23,rest
5.54,0.23,rest
5.55,0.23,rest
5.56,0.23,rest
5.57,0.24,rest
5.58,0.23,rest
5.59,0.24,rest
5.6,0.24,rest
5.61,0.24,rest
5.62,0.25,rest
5.63,0.25,rest
5.64,0.24,rest
5.65,0.24,rest
5.66,0.24,rest
5.67,0.24,rest
5.68,0.24,rest
5.69,0.24,rest
5.7,0.24,rest
5.71,0.24,rest
5.72,0.24,rest
5.73,0.24,rest
5.74,0.25,rest
5.75,0.25,rest
5.76,0.26,rest
5.77,0.26,rest
5.78,0.25,rest
5.79,0.25,rest
5.8,0.25,rest
5.81,0.25,rest
5.82,0.25,rest
5.83,0.25,rest
5.84,0.25,rest
5.85,0.26,rest
5.86,0.26,rest
5.87,0.25,rest
5.88,0.25,rest
5.89,0.25,rest
5.9,0.25,rest
5.91,0.25,rest
5.92,0.25,rest
5.93,0.25,rest
5.94,0.25,rest
5.95,0.25,rest
5.96,0.25,rest
5.97,0.25,rest
5.98,0.25,rest
5.99,0.25,rest
6.0,0.25,rest
6.01,0.25,rest
6.02,0.25,rest
6.03,0.25,rest
6.04,0.25,rest
6.05,0.25,rest
6.06,0.25,rest
6.07,0.25,rest
6.08,0.25,rest
6.09,0.25,rest
6.1,0.25,rest
6.11,0.25,rest
6.12,0.25,rest
6.13,0.25,rest
6.14,0.25,rest
6.15,0.25,rest
6.16,0.25,rest
6.17,0.25,rest
6.18,0.24,rest
6.19,0.24,rest
6.2,0.24,rest
6.21,0.25,rest
6.22,0.25,rest
6.23,0.25,rest
6.24,0.26,rest
6.25,0.26,rest
6.26,0.26,rest
6.27,0.26,rest
6.28,0.26,rest
6.29,0.25,rest
6.3,0.26,rest
6.31,0.26,rest
6.32,0.25,rest
6.33,0.25,rest
6.34,0.25,rest
6.35,0.25,rest
6.36,0.25,rest
6.37,0.25,rest
6.38,0.25,rest
6.39,0.24,rest
6.4,0.24,rest
6.41,0.24,rest
6.42,0.24,rest
6.43,0.24,rest
6.44,0.25,rest
6.45,0.26,rest
6.46,0.26,rest
6.47,0.26,rest
6.48,0.26,rest
6.49,0.26,rest
6.5,0.26,rest
6.51,0.26,rest
6.52,0.26,rest
6.53,0.26,rest
6.54,0.26,rest
6.55,0.26,rest
6.56,0.26,rest
6.57,0.26,rest
6.58,0.26,rest
6.59,0.26,rest
6.6,0.25,rest
6.61,0.25,rest
6.62,0.25,rest
6.63,0.25,rest
6.64,0.25,rest
6.65,0.25,rest
6.66,0.25,rest
6.67,0.25,rest
6.68,0.25,rest
6.69,0.25,rest
6.7,0.25,rest
6.71,0.25,rest
6.72,0.25,rest
6.73,0.25,rest
6.74,0.25,rest
6.75,0.25,rest
6.76,0.25,rest
6.77,0.26,rest
6.78,0.26,rest
6.79,0.26,rest
6.8,0.27,rest
6.81,0.27,rest
6.82,0.27,rest
6.83,0.27,rest
6.84,0.27,rest
6.85,0.27,rest
6.86,0.27,rest
6.87,0.27,rest
6.88,0.27,rest
6.89,0.27,rest
6.9,0.27,rest
6.91,0.27,rest
6.92,0.27,rest
6.93,0.27,rest
6.94,0.26,rest
6.95,0.26,rest
6.96,0.26,rest
6.97,0.26,rest
6.98,0.26,rest
6.99,0.26,rest
7.0,0.27,rest
7.01,0.27,rest
7.02,0.26,rest
7.03,0.27,rest
7.04,0.26,rest
7.05,0.26,rest
7.06,0.26,rest
7.07,0.27,rest
7.08,0.27,rest
7.09,0.27,rest
7.1,0.27,rest
7.11,0.27,rest
7.12,0.27,rest
7.13,0.27,rest
7.14,0.26,rest
7.15,0.27,rest
7.16,0.27,rest
7.17,0.27,rest
7.18,0.27,rest
7.19,0.27,rest
7.2,0.27,rest
7.21,0.27,rest
7.22,0.27,rest
7.23,0.27,rest
7.24,0.28,rest
7.25,0.28,rest
7.26,0.28,rest
7.27,0.27,rest
7.28,0.27,rest
7.29,0.27,rest
7.3,0.27,rest
7.31,0.27,rest
7.32,0.27,rest
7.33,0.27,rest
7.34,0.27,rest
7.35,0.27,rest
7.36,0.27,rest
7.37,0.27,rest
7.38,0.27,rest
7.39,0.26,rest
7.4,0.26,rest
7.41,0.26,rest
7.42,0.26,rest
7.43,0.26,rest
7.44,0.26,rest
7.45,0.25,rest
7.46,0.25,rest
7.47,0.25,rest
7.48,0.25,rest
7.49,0.26,rest
7.5,0.25,rest
7.51,0.26,rest
7.52,0.26,rest
7.53,0.26,rest
7.54,0.25,rest
7.55,0.25,rest
7.56,0.25,rest
7.57,0.26,rest
7.58,0.26,rest
7.59,0.26,rest
7.6,0.27,rest
7.61,0.27,rest
7.62,0.27,rest
7.63,0.27,rest
7.64,0.27,rest
7.65,0.27,rest
7.66,0.27,rest
7.67,0.28,rest
7.68,0.28,rest
7.69,0.29,rest
7.7,0.28,rest
7.71,0.28,rest
7.72,0.28,rest
7.73,0.28,rest
7.74,0.28,rest
7.75,0.29,rest
7.76,0.29,rest
7.77,0.3,rest
7.78,0.3,active
7.79,0.3,rest
7.8,0.3,rest
7.81,0.3,rest
7.82,0.3,rest
7.83,0.29,rest
7.84,0.29,rest
7.85,0.29,rest
7.86,0.29,rest
7.87,0.29,rest
7.88,0.28,rest
7.89,0.28,rest
7.9,0.27,rest
7.91,0.27,rest
7.92,0.26,rest
7.93,0.25,rest
7.94,0.25,rest
7.95,0.24,rest
7.96,0.24,rest
7.97,0.23,rest
7.98,0.23,rest
7.99,0.23,rest
8.0,0.22,rest
8.01,0.22,rest
8.02,0.22,rest
8.03,0.22,rest
8.04,0.21,rest
8.05,0.21,rest
8.06,0.21,rest
8.07,0.2,rest
8.08,0.2,rest
8.09,0.2,rest
8.1,0.2,rest
8.11,0.2,rest
8.12,0.2,rest
8.13,0.2,rest
8.14,0.19,rest
8.15,0.19,rest
8.16,0.19,rest
8.17,0.19,rest
8.18,0.19,rest
8.19,0.19,rest
8.2,0.19,rest
8.21,0.19,rest
8.22,0.19,rest
8.23,0.19,rest
8.24,0.19,rest
8.25,0.19,rest
8.26,0.19,rest
8.27,0.19,rest
8.28,0.19,rest
8.29,0.18,rest
8.3,0.18,rest
8.31,0.18,rest
8.32,0.18,rest
8.33,0.18,rest
8.34,0.18,rest
8.35,0.19,rest
8.36,0.18,rest
8.37,0.19,rest
8.38,0.18,rest
8.39,0.19,rest
8.4,0.19,rest
8.41,0.18,rest
8.42,0.19,rest
8.43,0.19,rest
8.44,0.19,rest
8.45,0.18,rest
8.46,0.19,rest
8.47,0.19,rest
8.48,0.19,rest
8.49,0.19,rest
8.5,0.19,rest
8.51,0.19,rest
8.52,0.19,rest
8.53,0.19,rest
8.54,0.19,rest
8.55,0.19,rest
8.56,0.19,rest
8.57,0.19,rest
8.58,0.19,rest
8.59,0.19,rest
8.6,0.19,rest
8.61,0.19,rest
8.62,0.2,rest
8.63,0.19,rest
8.64,0.19,rest
8.65,0.19,rest
8.66,0.19,rest
8.67,0.2,rest
8.68,0.2,rest
8.69,0.2,rest
8.7,0.2,rest
8.71,0.2,rest
8.72,0.2,rest
8.73,0.2,rest
8.74,0.2,rest
8.75,0.2,rest
8.76,0.2,rest
8.77,0.2,rest
8.78,0.2,rest
8.79,0.2,rest
8.8,0.2,rest
8.81,0.2,rest
8.82,0.2,rest
8.83,0.2,rest
8.84,0.2,rest
8.85,0.2,rest
8.86,0.2,rest
8.87,0.2,rest
8.88,0.2,rest
8.89,0.2,rest
8.9,0.2,rest
8.91,0.2,rest
8.92,0.2,rest
8.93,0.2,rest
8.94,0.2,rest
8.95,0.2,rest
8.96,0.2,rest
8.97,0.2,rest
8.98,0.2,rest
8.99,0.19,rest
9.0,0.19,rest
9.01,0.2,rest
9.02,0.2,rest
9.03,0.19,rest
9.04,0.2,rest
9.05,0.19,rest
9.06,0.19,rest
9.07,0.19,rest
9.08,0.19,rest
9.09,0.19,rest
9.1,0.19,rest
9.11,0.19,rest
9.12,0.19,rest
9.13,0.19,rest
9.14,0.19,rest
9.15,0.19,rest
9.16,0.19,rest
9.17,0.19,rest
9.18,0.19,rest
9.19,0.19,rest
9.2,0.19,rest
9.21,0.19,rest
9.22,0.18,rest
9.23,0.18,rest
9.24,0.19,rest
9.25,0.18,rest
9.26,0.19,rest
9.27,0.18,rest
9.28,0.18,rest
9.29,0.19,rest
9.3,0.19,rest
9.31,0.18,rest
9.32,0.18,rest
9.33,0.18,rest
9.34,0.18,rest
9.35,0.18,rest
9.36,0.18,rest
9.37,0.18,rest
9.38,0.18,rest
9.39,0.18,rest
9.4,0.18,rest
9.41,0.18,rest
9.42,0.18,rest
9.43,0.19,rest
9.44,0.18,rest
9.45,0.18,rest
9.46,0.19,rest
9.47,0.19,rest
9.48,0.19,rest
9.49,0.19,rest
9.5,0.18,rest
9.51,0.19,rest
9.52,0.18,rest
9.53,0.18,rest
9.54,0.18,rest
9.55,0.19,rest
9.56,0.19,rest
9.57,0.18,rest
9.58,0.19,rest
9.59,0.19,rest
9.6,0.19,rest
9.61,0.19,rest
9.62,0.19,rest
9.63,0.19,rest
9.64,0.18,rest
9.65,0.18,rest
9.66,0.18,rest
9.67,0.18,rest
9.68,0.19,rest
9.69,0.18,rest
9.7,0.18,rest
9.71,0.19,rest
9.72,0.18,rest
9.73,0.18,rest
9.74,0.19,rest
9.75,0.18,rest
9.76,0.18,rest
9.77,0.18,rest
9.78,0.18,rest
9.79,0.18,rest
9.8,0.18,rest
9.81,0.18,rest
9.82,0.18,rest
9.83,0.19,rest
9.84,0.19,rest
9.85,0.19,rest
9.86,0.19,rest
9.87,0.19,rest
9.88,0.19,rest
9.89,0.19,rest
9.9,0.19,rest
9.91,0.19,rest
9.92,0.19,rest
9.93,0.19,rest
9.94,0.19,rest
9.95,0.19,rest
9.96,0.19,rest
9.97,0.2,rest
9.98,0.2,rest
9.99,0.2,rest
10.0,0.2,rest
10.01,0.2,rest
10.02,0.2,rest
10.03,0.2,rest
10.04,0.2,rest
10.05,0.2,rest
10.06,0.2,rest
10.07,0.2,rest
10.08,0.2,rest
10.09,0.2,rest
10.1,0.2,rest
10.11,0.21,rest
10.12,0.21,rest
10.13,0.21,rest
10.14,0.2,rest
10.15,0.2,rest
10.16,0.2,rest
10.17,0.21,rest
10.18,0.21,rest
10.19,0.21,rest
10.2,0.22,rest
10.21,0.22,rest
10.22,0.22,rest
10.23,0.22,rest
10.24,0.22,rest
10.25,0.22,rest
10.26,0.22,rest
10.27,0.22,rest
10.28,0.22,rest
10.29,0.22,rest
10.3,0.23,rest
10.31,0.24,rest
10.32,0.25,rest
10.33,0.25,rest
10.34,0.26,rest
10.35,0.26,rest
10.36,0.25,rest
10.37,0.25,rest
10.38,0.25,rest
10.39,0.25,rest
10.4,0.25,rest
10.41,0.25,rest
10.42,0.25,rest
10.43,0.25,rest
10.44,0.25,rest
10.45,0.25,rest
10.46,0.25,rest
10.47,0.25,rest
10.48,0.25,rest
10.49,0.26,rest
10.5,0.26,rest
10.51,0.26,rest
10.52,0.26,rest
10.53,0.26,rest
10.54,0.26,rest
10.55,0.26,rest
10.56,0.25,rest
10.57,0.25,rest
10.58,0.26,rest
10.59,0.26,rest
10.6,0.26,rest
10.61,0.27,rest
10.62,0.28,rest
10.63,0.29,rest
10.64,0.29,rest
10.65,0.29,rest
10.66,0.29,rest
10.67,0.29,rest
10.68,0.28,rest
10.69,0.28,rest
10.7,0.28,rest
10.71,0.29,rest
10.72,0.29,rest
10.73,0.29,rest
10.74,0.28,rest
10.75,0.28,rest
10.76,0.29,rest
10.77,0.29,rest
10.78,0.29,rest
10.79,0.3,rest
10.8,0.3,active
10.81,0.3,active
10.82,0.31,active
10.83,0.31,active
10.84,0.32,active
10.85,0.32,active
10.86,0.32,active
10.87,0.33,active
10.88,0.33,active
10.89,0.34,active
10.9,0.33,active
10.91,0.33,active
10.92,0.33,active
10.93,0.32,active
10.94,0.32,active
10.95,0.32,active
10.96,0.32,active
10.97,0.32,active
10.98,0.33,active
10.99,0.33,active
11.0,0.32,active
11.01,0.32,active
11.02,0.33,active
11.03,0.33,active
11.04,0.33,active
11.05,0.34,active
11.06,0.34,active
11.07,0.35,active
11.08,0.35,active
11.09,0.36,active
11.1,0.36,active
11.11,0.36,active
11.12,0.36,active
11.13,0.35,active
11.14,0.35,active
11.15,0.36,active
11.16,0.36,active
11.17,0.37,active
11.18,0.37,active
11.19,0.37,active
11.2,0.37,active
11.21,0.35,active
11.22,0.34,active
11.23,0.34,active
11.24,0.34,active
11.25,0.35,active
11.26,0.36,active
11.27,0.36,active
11.28,0.36,active
11.29,0.35,active
11.3,0.35,active
11.31,0.34,active
11.32,0.34,active
11.33,0.34,active
11.34,0.34,active
11.35,0.35,active
11.36,0.34,active
11.37,0.34,active
11.38,0.33,active
11.39,0.33,active
11.4,0.33,active
11.41,0.32,active
11.42,0.32,active
11.43,0.31,active
11.44,0.31,active
11.45,0.3,rest
11.46,0.29,rest
11.47,0.28,rest
11.48,0.27,rest
11.49,0.26,rest
11.5,0.25,rest
11.51,0.24,rest
11.52,0.24,rest
11.53,0.23,rest
11.54,0.23,rest
11.55,0.23,rest
11.56,0.22,rest
11.57,0.22,rest
11.58,0.21,rest
11.59,0.21,rest
11.6,0.21,rest
11.61,0.2,rest
11.62,0.2,rest
11.63,0.2,rest
11.64,0.2,rest
11.65,0.2,rest
11.66,0.2,rest
11.67,0.2,rest
11.68,0.2,rest
11.69,0.2,rest
11.7,0.19,rest
11.71,0.19,rest
11.72,0.19,rest
11.73,0.19,rest
11.74,0.19,rest
11.75,0.19,rest
11.76,0.19,rest
11.77,0.19,rest
11.78,0.19,rest
11.79,0.19,rest
11.8,0.19,rest
11.81,0.19,rest
11.82,0.19,rest
11.83,0.19,rest
11.84,0.19,rest
11.85,0.19,rest
11.86,0.19,rest
11.87,0.18,rest
11.88,0.19,rest
11.89,0.18,rest
11.9,0.19,rest
11.91,0.19,rest
11.92,0.18,rest
11.93,0.19,rest
11.94,0.19,rest
11.95,0.18,rest
11.96,0.18,rest
11.97,0.18,rest
11.98,0.18,rest
11.99,0.18,rest
12.0,0.18,rest
12.01,0.18,rest
12.02,0.18,rest
12.03,0.18,rest
12.04,0.18,rest
12.05,0.18,rest
12.06,0.18,rest
12.07,0.18,rest
12.08,0.18,rest
12.09,0.18,rest
12.1,0.18,rest
12.11,0.18,rest
12.12,0.19,rest
12.13,0.18,rest
12.14,0.19,rest
12.15,0.18,rest
12.16,0.18,rest
12.17,0.19,rest
12.18,0.19,rest
12.19,0.19,rest
12.2,0.19,rest
12.21,0.19,rest
12.22,0.19,rest
12.23,0.19,rest
12.24,0.19,rest
12.25,0.19,rest
12.26,0.19,rest
12.27,0.19,rest
12.28,0.19,rest
12.29,0.19,rest
12.3,0.19,rest
12.31,0.19,rest
12.32,0.19,rest
12.33,0.19,rest
12.34,0.19,rest
12.35,0.19,rest
12.36,0.19,rest
12.37,0.19,rest
12.38,0.19,rest
12.39,0.19,rest
12.4,0.19,rest
12.41,0.19,rest
12.42,0.19,rest
12.43,0.19,rest
12.44,0.19,rest
12.45,0.19,rest
12.46,0.19,rest
12.47,0.19,rest
12.48,0.19,rest
12.49,0.19,rest
12.5,0.19,rest
12.51,0.19,rest
12.52,0.19,rest
12.53,0.19,rest
12.54,0.19,rest
12.55,0.19,rest
12.56,0.19,rest
12.57,0.19,rest
12.58,0.19,rest
12.59,0.19,rest
12.6,0.19,rest
12.61,0.19,rest
12.62,0.19,rest
12.63,0.19,rest
12.64,0.19,rest
12.65,0.19,rest
12.66,0.19,rest
12.67,0.19,rest
12.68,0.19,rest
12.69,0.19,rest
12.7,0.19,rest
12.71,0.19,rest
12.72,0.19,rest
12.73,0.19,rest
12.74,0.19,rest
12.75,0.19,rest
12.76,0.19,rest
12.77,0.19,rest
12.78,0.19,rest
12.79,0.19,rest
12.8,0.19,rest
12.81,0.19,rest
12.82,0.19,rest
12.83,0.19,rest
12.84,0.19,rest
12.85,0.19,rest
12.86,0.19,rest
12.87,0.19,rest
12.88,0.19,rest
12.89,0.19,rest
12.9,0.19,rest
12.91,0.19,rest
12.92,0.19,rest
12.93,0.19,rest
12.94,0.19,rest
12.95,0.19,rest
12.96,0.19,rest
12.97,0.19,rest
12.98,0.19,rest
12.99,0.19,rest
13.0,0.19,rest
13.01,0.19,rest
13.02,0.19,rest
13.03,0.2,rest
13.04,0.2,rest
13.05,0.2,rest
13.06,0.21,rest
13.07,0.21,rest
13.08,0.22,rest
13.09,0.22,rest
13.1,0.22,rest
13.11,0.22,rest
13.12,0.23,rest
13.13,0.23,rest
13.14,0.22,rest
13.15,0.23,rest
13.16,0.23,rest
13.17,0.23,rest
13.18,0.23,rest
13.19,0.23,rest
13.2,0.23,rest
13.21,0.23,rest
13.22,0.23,rest
13.23,0.23,rest
13.24,0.23,rest
13.25,0.23,rest
13.26,0.24,rest
13.27,0.25,rest
13.28,0.25,rest
13.29,0.25,rest
13.3,0.25,rest
13.31,0.26,rest
13.32,0.26,rest
13.33,0.26,rest
13.34,0.26,rest
13.35,0.26,rest
13.36,0.27,rest
13.37,0.27,rest
13.38,0.27,rest
13.39,0.28,rest
13.4,0.28,rest
13.41,0.29,rest
13.42,0.29,rest
13.43,0.29,rest
13.44,0.29,rest
13.45,0.3,rest
13.46,0.3,active
13.47,0.3,active
13.48,0.31,active
13.49,0.31,active
13.5,0.31,active
13.51,0.31,active
13.52,0.31,active
13.53,0.3,active
13.54,0.31,active
13.55,0.31,active
13.56,0.32,active
13.57,0.33,active
13.58,0.33,active
13.59,0.33,active
13.6,0.32,active
13.61,0.34,active
13.62,0.35,active
13.63,0.36,active
13.64,0.36,active
13.65,0.35,active
13.66,0.36,active
13.67,0.36,active
13.68,0.36,active
13.69,0.36,active
13.7,0.35,active
13.71,0.34,active
13.72,0.34,active
13.73,0.34,active
13.74,0.34,active
13.75,0.34,active
13.76,0.34,active
13.77,0.34,active
13.78,0.34,active
13.79,0.33,active
13.8,0.32,active
13.81,0.32,active
13.82,0.32,active
13.83,0.32,active
13.84,0.32,active
13.85,0.32,active
13.86,0.32,active
13.87,0.32,active
13.88,0.33,active
13.89,0.32,active
13.9,0.32,active
13.91,0.31,active
13.92,0.31,active
13.93,0.32,active
13.94,0.32,active
13.95,0.33,active
13.96,0.33,active
13.97,0.33,active
13.98,0.32,active
13.99,0.32,active
14.0,0.31,active
14.01,0.32,active
14.02,0.32,active
14.03,0.31,active
14.04,0.31,active
14.05,0.31,active
14.06,0.31,active
14.07,0.3,active
14.08,0.3,rest
14.09,0.3,rest
14.1,0.31,active
14.11,0.31,active
14.12,0.32,active
14.13,0.33,active
14.14,0.33,active
14.15,0.33,active
14.16,0.33,active
14.17,0.33,active
14.18,0.32,active
14.19,0.32,active
14.2,0.32,active
14.21,0.33,active
14.22,0.34,active
14.23,0.34,active
14.24,0.34,active
14.25,0.33,active
14.26,0.32,active
14.27,0.32,active
14.28,0.32,active
14.29,0.32,active
14.3,0.32,active
14.31,0.34,active
14.32,0.34,active
14.33,0.34,active
14.34,0.33,active
14.35,0.32,active
14.36,0.31,active
14.37,0.31,active
14.38,0.31,active
14.39,0.31,active
14.4,0.32,active
14.41,0.32,active
14.42,0.32,active
14.43,0.31,active
14.44,0.3,active
14.45,0.3,active
14.46,0.31,active
14.47,0.31,active
14.48,0.32,active
14.49,0.32,active
14.5,0.32,active
14.51,0.32,active
14.52,0.32,active
14.53,0.32,active
14.54,0.31,active
14.55,0.3,active
14.56,0.3,rest
14.57,0.3,rest
14.58,0.31,active
14.59,0.31,active
14.6,0.31,active
14.61,0.31,active
14.62,0.3,active
14.63,0.29,rest
14.64,0.29,rest
14.65,0.28,rest
14.66,0.28,rest
14.67,0.28,rest
14.68,0.29,rest
14.69,0.29,rest
14.7,0.29,rest
14.71,0.29,rest
14.72,0.29,rest
14.73,0.29,rest
14.74,0.29,rest
14.75,0.3,rest
14.76,0.31,active
14.77,0.32,active
14.78,0.33,active
14.79,0.34,active
14.8,0.34,active
14.81,0.34,active
14.82,0.33,active
14.83,0.32,active
14.84,0.31,active
14.85,0.31,active
14.86,0.31,active
14.87,0.3,active
14.88,0.3,rest
14.89,0.29,rest
14.9,0.28,rest
14.91,0.27,rest
14.92,0.26,rest
14.93,0.25,rest
14.94,0.25,rest
14.95,0.24,rest
14.96,0.24,rest
14.97,0.23,rest
14.98,0.23,rest
14.99,0.22,rest
15.0,0.22,rest
15.01,0.21,rest
15.02,0.21,rest
15.03,0.21,rest
15.04,0.2,rest
15.05,0.2,rest
15.06,0.2,rest
15.07,0.2,rest
15.08,0.2,rest
15.09,0.2,rest
15.1,0.2,rest
15.11,0.2,rest
15.12,0.2,rest
15.13,0.2,rest
15.14,0.19,rest
15.15,0.19,rest
15.16,0.19,rest
15.17,0.19,rest
15.18,0.19,rest
15.19,0.19,rest
15.2,0.19,rest
15.21,0.19,rest
15.22,0.19,rest
15.23,0.19,rest
15.24,0.19,rest
15.25,0.19,rest
15.26,0.19,rest
15.27,0.19,rest
15.28,0.19,rest
15.29,0.19,rest
15.3,0.19,rest
15.31,0.19,rest
15.32,0.19,rest
15.33,0.18,rest
15.34,0.19,rest
15.35,0.18,rest
15.36,0.18,rest
15.37,0.19,rest
15.38,0.18,rest
15.39,0.18,rest
15.4,0.18,rest
15.41,0.18,rest
15.42,0.18,rest
15.43,0.18,rest
15.44,0.18,rest
15.45,0.18,rest
15.46,0.18,rest
15.47,0.18,rest
15.48,0.18,rest
15.49,0.18,rest
15.5,0.18,rest
15.51,0.18,rest
15.52,0.18,rest
15.53,0.18,rest
15.54,0.18,rest
15.55,0.18,rest
15.56,0.19,rest
15.57,0.18,rest
15.58,0.18,rest
15.59,0.18,rest
15.6,0.18,rest
15.61,0.18,rest
15.62,0.18,rest
15.63,0.18,rest
15.64,0.18,rest
15.65,0.18,rest
15.66,0.18,rest
15.67,0.18,rest
15.68,0.19,rest
15.69,0.18,rest
15.7,0.18,rest
15.71,0.18,rest
15.72,0.18,rest
15.73,0.19,rest
15.74,0.18,rest
15.75,0.18,rest
15.76,0.18,rest
15.77,0.18,rest
15.78,0.18,rest
15.79,0.18,rest
15.8,0.18,rest
15.81,0.18,rest
15.82,0.18,rest
15.83,0.18,rest
15.84,0.19,rest
15.85,0.18,rest
15.86,0.19,rest
15.87,0.18,rest
15.88,0.19,rest
15.89,0.19,rest
15.9,0.19,rest
15.91,0.19,rest
15.92,0.19,rest
15.93,0.19,rest
15.94,0.19,rest
15.95,0.19,rest
15.96,0.19,rest
15.97,0.19,rest
15.98,0.19,rest
15.99,0.19,rest
16.0,0.19,rest
16.01,0.19,rest
16.02,0.19,rest
16.03,0.19,rest
16.04,0.19,rest
16.05,0.18,rest
16.06,0.18,rest
16.07,0.19,rest
16.08,0.19,rest
16.09,0.18,rest
16.1,0.18,rest
16.11,0.19,rest
16.12,0.18,rest
16.13,0.18,rest
16.14,0.18,rest
16.15,0.19,rest
16.16,0.18,rest
16.17,0.19,rest
16.18,0.18,rest
16.19,0.18,rest
16.2,0.18,rest
16.21,0.18,rest
16.22,0.18,rest
16.23,0.19,rest
16.24,0.18,rest
16.25,0.19,rest
16.26,0.18,rest
16.27,0.18,rest
16.28,0.18,rest
16.29,0.19,rest
16.3,0.19,rest
16.31,0.18,rest
16.32,0.19,rest
16.33,0.19,rest
16.34,0.19,rest
16.35,0.19,rest
16.36,0.18,rest
16.37,0.19,rest
16.38,0.19,rest
16.39,0.19,rest
16.4,0.18,rest
16.41,0.19,rest
16.42,0.19,rest
16.43,0.19,rest
16.44,0.19,rest
16.45,0.18,rest
16.46,0.19,rest
16.47,0.19,rest
16.48,0.19,rest
16.49,0.19,rest
16.5,0.19,rest
16.51,0.19,rest
16.52,0.19,rest
16.53,0.18,rest
16.54,0.19,rest
16.55,0.18,rest
16.56,0.18,rest
16.57,0.19,rest
16.58,0.18,rest
16.59,0.18,rest
16.6,0.18,rest
16.61,0.18,rest
16.62,0.18,rest
16.63,0.18,rest
16.64,0.18,rest
16.65,0.18,rest
16.66,0.18,rest
16.67,0.18,rest
16.68,0.18,rest
16.69,0.18,rest
16.7,0.19,rest
16.71,0.18,rest
16.72,0.18,rest
16.73,0.18,rest
16.74,0.18,rest
16.75,0.18,rest
16.76,0.18,rest
16.77,0.18,rest
16.78,0.18,rest
16.79,0.18,rest
16.8,0.19,rest
16.81,0.19,rest
16.82,0.18,rest
16.83,0.18,rest
16.84,0.19,rest
16.85,0.19,rest
16.86,0.18,rest
16.87,0.19,rest
16.88,0.18,rest
16.89,0.19,rest
16.9,0.19,rest
16.91,0.19,rest
16.92,0.19,rest
16.93,0.19,rest
16.94,0.19,rest
16.95,0.19,rest
16.96,0.19,rest
16.97,0.19,rest
16.98,0.19,rest
16.99,0.19,rest
17.0,0.19,rest
17.01,0.19,rest
17.02,0.19,rest
17.03,0.19,rest
17.04,0.19,rest
17.05,0.19,rest
17.06,0.19,rest
17.07,0.19,rest
17.08,0.19,rest
17.09,0.19,rest
17.1,0.19,rest
17.11,0.19,rest
17.12,0.19,rest
17.13,0.19,rest
17.14,0.2,rest
17.15,0.2,rest
17.16,0.2,rest
17.17,0.2,rest
17.18,0.2,rest
17.19,0.2,rest
17.2,0.2,rest
17.21,0.2,rest
17.22,0.2,rest
17.23,0.2,rest
17.24,0.2,rest
17.25,0.2,rest
17.26,0.2,rest
17.27,0.2,rest
17.28,0.21,rest
17.29,0.21,rest
17.3,0.21,rest
17.31,0.21,rest
17.32,0.21,rest
17.33,0.21,rest
17.34,0.21,rest
17.35,0.21,rest
17.36,0.22,rest
17.37,0.22,rest
17.38,0.21,rest
17.39,0.22,rest
17.4,0.22,rest
17.41,0.22,rest
17.42,0.22,rest
17.43,0.22,rest
17.44,0.22,rest
17.45,0.22,rest
17.46,0.22,rest
17.47,0.22,rest
17.48,0.22,rest
17.49,0.22,rest
17.5,0.22,rest
17.51,0.22,rest
17.52,0.22,rest
17.53,0.22,rest
17.54,0.23,rest
17.55,0.23,rest
17.56,0.24,rest
17.57,0.24,rest
17.58,0.24,rest
17.59,0.24,rest
17.6,0.24,rest
17.61,0.24,rest
17.62,0.24,rest
17.63,0.24,rest
17.64,0.25,rest
17.65,0.25,rest
17.66,0.25,rest
17.67,0.24,rest
17.68,0.24,rest
17.69,0.24,rest
17.7,0.23,rest
17.71,0.23,rest
17.72,0.22,rest
17.73,0.22,rest
17.74,0.21,rest
17.75,0.21,rest
17.76,0.21,rest
17.77,0.21,rest
17.78,0.21,rest
17.79,0.21,rest
17.8,0.21,rest
17.81,0.2,rest
17.82,0.2,rest
17.83,0.2,rest
17.84,0.2,rest
17.85,0.2,rest
17.86,0.2,rest
17.87,0.2,rest
17.88,0.2,rest
17.89,0.2,rest
17.9,0.2,rest
17.91,0.2,rest
17.92,0.2,rest
17.93,0.2,rest
17.94,0.2,rest
17.95,0.2,rest
17.96,0.2,rest
17.97,0.2,rest
17.98,0.2,rest
17.99,0.19,rest
18.0,0.2,rest
18.01,0.19,rest
18.02,0.2,rest
18.03,0.19,rest
18.04,0.2,rest
18.05,0.19,rest
18.06,0.2,rest
18.07,0.19,rest
18.08,0.2,rest
18.09,0.2,rest
18.1,0.2,rest
18.11,0.19,rest
18.12,0.19,rest
18.13,0.19,rest
18.14,0.19,rest
18.15,0.19,rest
18.16,0.19,rest
18.17,0.19,rest
18.18,0.19,rest
18.19,0.19,rest
18.2,0.19,rest
18.21,0.19,rest
18.22,0.19,rest
18.23,0.19,rest
18.24,0.19,rest
18.25,0.19,rest
18.26,0.2,rest
18.27,0.19,rest
18.28,0.19,rest
18.29,0.19,rest
18.3,0.19,rest
18.31,0.19,rest
18.32,0.19,rest
18.33,0.19,rest
18.34,0.19,rest
18.35,0.19,rest
18.36,0.19,rest
18.37,0.19,rest
18.38,0.19,rest
18.39,0.2,rest
18.4,0.19,rest
18.41,0.19,rest
18.42,0.19,rest
18.43,0.19,rest
18.44,0.19,rest
18.45,0.19,rest
18.46,0.19,rest
18.47,0.2,rest
18.48,0.19,rest
18.49,0.2,rest
18.5,0.2,rest
18.51,0.2,rest
18.52,0.19,rest
18.53,0.19,rest
18.54,0.19,rest
18.55,0.19,rest
18.56,0.19,rest
18.57,0.19,rest
18.58,0.2,rest
18.59,0.2,rest
18.6,0.19,rest
18.61,0.19,rest
18.62,0.19,rest
18.63,0.2,rest
18.64,0.2,rest
18.65,0.2,rest
18.66,0.2,rest
18.67,0.2,rest
18.68,0.2,rest
18.69,0.2,rest
18.7,0.2,rest
18.71,0.2,rest
18.72,0.2,rest
18.73,0.2,rest
18.74,0.2,rest
18.75,0.2,rest
18.76,0.2,rest
18.77,0.2,rest
18.78,0.2,rest
18.79,0.2,rest
18.8,0.2,rest
18.81,0.2,rest
18.82,0.2,rest
18.83,0.2,rest
18.84,0.2,rest
18.85,0.2,rest
18.86,0.2,rest
18.87,0.2,rest
18.88,0.21,rest
18.89,0.21,rest
18.9,0.2,rest
18.91,0.2,rest
18.92,0.2,rest
18.93,0.2,rest
18.94,0.2,rest
18.95,0.2,rest
18.96,0.2,rest
18.97,0.2,rest
18.98,0.2,rest
18.99,0.2,rest
19.0,0.21,rest
19.01,0.21,rest
19.02,0.21,rest
19.03,0.21,rest
19.04,0.21,rest
19.05,0.21,rest
19.06,0.21,rest
19.07,0.22,rest
19.08,0.22,rest
19.09,0.22,rest
19.1,0.21,rest
19.11,0.21,rest
19.12,0.21,rest
19.13,0.21,rest
19.14,0.21,rest
19.15,0.21,rest
19.16,0.21,rest
19.17,0.21,rest
19.18,0.21,rest
19.19,0.2,rest
19.2,0.2,rest
19.21,0.2,rest
19.22,0.2,rest
19.23,0.2,rest
19.24,0.2,rest
19.25,0.21,rest
19.26,0.21,rest
19.27,0.2,rest
19.28,0.21,rest
19.29,0.2,rest
19.3,0.2,rest
19.31,0.2,rest
19.32,0.2,rest
19.33,0.2,rest
19.34,0.2,rest
19.35,0.2,rest
19.36,0.2,rest
19.37,0.2,rest
19.38,0.2,rest
19.39,0.2,rest
19.4,0.2,rest
19.41,0.19,rest
19.42,0.2,rest
19.43,0.2,rest
19.44,0.2,rest
19.45,0.2,rest
19.46,0.19,rest
19.47,0.19,rest
19.48,0.19,rest
19.49,0.19,rest
19.5,0.19,rest
19.51,0.19,rest
19.52,0.19,rest
19.53,0.19,rest
19.54,0.19,rest
19.55,0.19,rest
19.56,0.19,rest
19.57,0.19,rest
19.58,0.19,rest
19.59,0.19,rest
19.6,0.19,rest
19.61,0.19,rest
19.62,0.19,rest
19.63,0.19,rest
19.64,0.19,rest
19.65,0.19,rest
19.66,0.19,rest
19.67,0.19,rest
19.68,0.19,rest
19.69,0.19,rest
19.7,0.19,rest
19.71,0.2,rest
19.72,0.2,rest
19.73,0.2,rest
19.74,0.19,rest
19.75,0.2,rest
19.76,0.19,rest
19.77,0.2,rest
19.78,0.19,rest
19.79,0.19,rest
19.8,0.19,rest
19.81,0.19,rest
19.82,0.19,rest
19.83,0.19,rest
19.84,0.19,rest
19.85,0.19,rest
19.86,0.19,rest
19.87,0.2,rest
19.88,0.2,rest
19.89,0.2,rest
19.9,0.2,rest
19.91,0.2,rest
19.92,0.2,rest
19.93,0.2,rest
19.94,0.2,rest
19.95,0.2,rest
19.96,0.2,rest
19.97,0.2,rest
19.98,0.2,rest
19.99,0.19,rest
